Error,202001310000
CFG_FAIL-AssertionError,13
CFG_FAIL-AttributeError,37
CFG_FAIL-IndexError,3
CFG_FAIL-KeyError,198
CFG_FAIL-TypeError,4
CFG_FAIL-ValueError,19
CFG_FAIL-angr.errors.AngrCFGError,4
CFG_FAIL-angr.errors.AngrExitError,7
CFG_FAIL-angr.errors.SimIRSBNoDecodeError,10
CFG_FAIL-claripy.errors.BackendUnsupportedError,1
CFG_FAIL-claripy.errors.ClaripyTypeError,40
CODEGEN_FAIL-AttributeError,12
DBG_OPEN_FAIL-AttributeError,87782
DBG_OPEN_FAIL-OSError,1
DBG_OPEN_FAIL-UnicodeDecodeError,14
DBG_OPEN_FAIL-cle.errors.CLEInvalidBinaryError,3
DBG_OPEN_FAIL-elftools.construct.core.FieldError,159588
DBG_OPEN_FAIL-struct.error,15
DECOMPILER_FAIL-AssertionError,245366
DECOMPILER_FAIL-AssertionError---,4
DECOMPILER_FAIL-AttributeError,1086246
DECOMPILER_FAIL-Exception,211771
DECOMPILER_FAIL-IndexError,1996
DECOMPILER_FAIL-KeyError,653225
DECOMPILER_FAIL-NotImplementedError,472478
DECOMPILER_FAIL-OverflowError,10
DECOMPILER_FAIL-RecursionError,81081
DECOMPILER_FAIL-RuntimeError,1297
DECOMPILER_FAIL-StopIteration,46
DECOMPILER_FAIL-Traceback,27
DECOMPILER_FAIL-TypeError,3875863
DECOMPILER_FAIL-UnboundLocalError,10888
DECOMPILER_FAIL-ValueError,701135
DECOMPILER_FAIL-ZeroDivisionError,52
DECOMPILER_FAIL-angr.analyses.decompiler.structured_codegen.UnsupportedNodeTypeError,740
DECOMPILER_FAIL-angr.analyses.decompiler.structurer.EmptyBlockNotice,8319
DECOMPILER_FAIL-angr.errors.SimEngineError,2710
DECOMPILER_FAIL-angr.errors.SimOperationError,11266
DECOMPILER_FAIL-angr.errors.UnsupportedIROpError,60726
DECOMPILER_FAIL-ctypes.ArgumentError,283
DECOMPILER_FAIL-stopit.utils.TimeoutException,134
DECOMPILER_FAIL-z3.z3types.Z3Exception,5
ELF_OPEN_FAIL-AssertionError,3
ELF_OPEN_FAIL-AttributeError,4
ELF_OPEN_FAIL-cle.errors.CLEError,32
ELF_OPEN_FAIL-cle.errors.CLEOperationError,17
ELF_OPEN_FAIL-elftools.construct.core.FieldError,12
ELF_TIMEOUT-OTHER,189
